<?xml version="1.0" encoding="UTF-8"?>
<model package="goodnews" baseClass="xPDOObject" platform="mysql" defaultEngine="MyISAM">

    <object class="GoodNewsResourceContainer" table="site_content" extends="modResource">
        <composite alias="ResourceMailing" class="GoodNewsResourceMailing" local="id" foreign="parent" cardinality="many" owner="local" />
    </object>
    
    <object class="GoodNewsResourceMailing" table="site_content" extends="modResource">
        <aggregate alias="ResourceContainer" class="GoodNewsResourceContainer" local="parent" foreign="id" cardinality="one" owner="foreign" />
        <composite alias="MailingMeta" class="GoodNewsMailingMeta" local="id" foreign="mailing_id" cardinality="one" owner="local" />
    </object>

    <object class="GoodNewsMailingMeta" table="goodnews_mailing_meta" extends="xPDOSimpleObject">
        <field key="mailing_id" dbtype="int" precision="10" attributes="unsigned" phptype="integer" null="false" index="unique" />
        <field key="groups" dbtype="text" phptype="string" null="false" default="" />
        <field key="categories" dbtype="text" phptype="string" null="false" default="" />
        <field key="collections" dbtype="text" phptype="string" null="false" default="" />
        <field key="recipients_list" dbtype="mediumtext" phptype="string" null="false" default="" />
        <field key="recipients_total" dbtype="int" precision="10" attributes="unsigned" phptype="integer" null="false" default="0" />
        <field key="recipients_sent" dbtype="int" precision="10" attributes="unsigned" phptype="integer" null="false" default="0" />
        <field key="recipients_error" dbtype="int" precision="10" attributes="unsigned" phptype="integer" null="false" default="0" />
        <field key="senton" dbtype="int" precision="20" phptype="timestamp" null="false" default="0" />
        <field key="sentby" dbtype="int" precision="10" attributes="unsigned" phptype="integer" null="false" default="0" />
        <field key="finishedon" dbtype="int" precision="20" phptype="timestamp" null="false" default="0" />
        <field key="ipc_status" dbtype="int" precision="1" attributes="unsigned" phptype="integer" null="false" default="0" />
        <field key="scheduled" dbtype="int" precision="1" attributes="unsigned" phptype="boolean" null="false" default="0" />
        <field key="soft_bounces" dbtype="int" precision="10" attributes="unsigned" phptype="integer" null="false" default="0" />
        <field key="hard_bounces" dbtype="int" precision="10" attributes="unsigned" phptype="integer" null="false" default="0" />

        <index alias="mailing_id" name="mailing_id" primary="false" unique="true" type="BTREE">
            <column key="mailing_id" length="" collation="A" null="false" />
        </index>

        <aggregate alias="SentBy" class="modUser" local="sentby" foreign="id" cardinality="one" owner="foreign" />
        <aggregate alias="ResourceMailing" class="GoodNewsResourceMailing" local="mailing_id" foreign="id" cardinality="one" owner="foreign" />
        <composite alias="Recipient" class="GoodNewsRecipient" local="mailing_id" foreign="mailing_id" cardinality="many" owner="local" />
    </object>

    <object class="GoodNewsRecipient" table="goodnews_recipients" extends="xPDOSimpleObject">
        <field key="mailing_id" dbtype="int" precision="10" attributes="unsigned" phptype="integer" null="false" default="0" index="index" />
        <field key="recipient_id" dbtype="int" precision="10" attributes="unsigned" phptype="integer" null="false" default="0" index="index" />
        <field key="statustime" dbtype="int" precision="20" phptype="timestamp" null="false" default="0" />
        <field key="status" dbtype="int" precision="1" attributes="unsigned" phptype="integer" null="false" default="0" />

        <index alias="mailing_id" name="mailing_id" primary="false" unique="false" type="BTREE">
            <column key="mailing_id" length="" collation="A" null="false" />
        </index>
        <index alias="recipient_id" name="recipient_id" primary="false" unique="false" type="BTREE">
            <column key="recipient_id" length="" collation="A" null="false" />
        </index>

        <aggregate alias="MailingMeta" class="GoodNewsMailingMeta" local="mailing_id" foreign="mailing_id" cardinality="one" owner="foreign" />
    </object>

    <object class="GoodNewsSubscriberMeta" table="goodnews_subscriber_meta" extends="xPDOSimpleObject">
        <field key="subscriber_id" dbtype="int" precision="10" attributes="unsigned" phptype="integer" null="false" index="unique" />
        <field key="sid" dbtype="varchar" precision="255" phptype="string" null="false" default="" />
        <field key="subscribedon" dbtype="int" precision="20" phptype="timestamp" null="false" default="0" />
        <field key="activatedon" dbtype="int" precision="20" phptype="timestamp" null="false" default="0" />
        <field key="ip" dbtype="varchar" precision="50" phptype="string" null="false" default="0" />
        <field key="ip_activated" dbtype="varchar" precision="50" phptype="string" null="false" default="0" />
        <field key="testdummy" dbtype="int" precision="1" attributes="unsigned" phptype="boolean" null="false" default="0" />
        <field key="soft_bounces" dbtype="text" phptype="string" null="true" default="" />
        <field key="hard_bounces" dbtype="text" phptype="string" null="true" default="" />

        <index alias="subscriber_id" name="subscriber_id" primary="false" unique="true" type="BTREE">
            <column key="subscriber_id" length="" collation="A" null="false" />
        </index>

        <aggregate alias="User" class="modUser" local="subscriber_id" foreign="id" cardinality="one" owner="foreign" />
        <composite alias="SubscriberLog" class="GoodNewsSubscriberLog" local="subscriber_id" foreign="subscriber_id" cardinality="many" owner="local" />
    </object>
    
    <object class="GoodNewsSubscriberLog" table="goodnews_subscriber_log" extends="xPDOSimpleObject">
        <field key="subscriber_id" dbtype="int" precision="10" attributes="unsigned" phptype="integer" null="false" default="0" index="index" />
        <field key="mailing_id" dbtype="int" precision="10" attributes="unsigned" phptype="integer" null="false" default="0" index="index" />
        <field key="statustime" dbtype="int" precision="20" phptype="timestamp" null="false" default="0" />
        <field key="status" dbtype="int" precision="1" attributes="unsigned" phptype="integer" null="false" default="0" />

        <index alias="subscriber_id" name="subscriber_id" primary="false" unique="false" type="BTREE">
            <column key="subscriber_id" length="" collation="A" null="false" />
        </index>
        <index alias="mailing_id" name="mailing_id" primary="false" unique="false" type="BTREE">
            <column key="mailing_id" length="" collation="A" null="false" />
        </index>

        <aggregate alias="SubscriberMeta" class="GoodNewsSubscriberMeta" local="subscriber_id" foreign="subscriber_id" cardinality="one" owner="foreign" />
    </object>

    <object class="GoodNewsGroup" table="goodnews_groups" extends="xPDOSimpleObject">
        <field key="name" dbtype="varchar" precision="255" phptype="string" null="false" default="" />
        <field key="description" dbtype="text" phptype="string" null="false" default="" />
        <field key="public" dbtype="int" precision="1" attributes="unsigned" phptype="boolean" null="false" default="1" />
        <field key="modxusergroup" dbtype="int" precision="10" attributes="unsigned" phptype="integer" null="false" default="0" />
        <field key="createdon" dbtype="datetime" phptype="datetime" null="true" />
        <field key="createdby" dbtype="int" precision="10" attributes="unsigned" phptype="integer" null="false" default="0" />
        <field key="editedon" dbtype="datetime" phptype="datetime" null="true" />
        <field key="editedby" dbtype="int" precision="10" attributes="unsigned" phptype="integer" null="false" default="0" />
        <aggregate alias="CreatedBy" class="modUser" local="createdby" foreign="id" cardinality="one" owner="foreign" />
        <aggregate alias="EditedBy" class="modUser" local="editedby" foreign="id" cardinality="one" owner="foreign" />
        <aggregate alias="UserGroup" class="modUserGroup" local="modxusergroup" foreign="id" cardinality="one" owner="foreign" />
        <composite alias="GoodNewsCategory" class="GoodNewsCategory" local="id" foreign="goodnewsgroup_id" cardinality="many" owner="local" /> 
        <composite alias="GroupMember" class="GoodNewsGroupMember" local="id" foreign="goodnewsgroup_id" cardinality="many" owner="local" />
    </object>

    <object class="GoodNewsGroupMember" table="goodnews_group_members" extends="xPDOSimpleObject">
        <field key="goodnewsgroup_id" dbtype="int" precision="10" attributes="unsigned" phptype="integer" null="false" default="0" index="index" />
        <field key="member_id" dbtype="int" precision="10" attributes="unsigned" phptype="integer" null="false" default="0" index="index" />

        <index alias="goodnewsgroup_id" name="goodnewsgroup_id" primary="false" unique="false" type="BTREE">
            <column key="goodnewsgroup_id" length="" collation="A" null="false" />
        </index>
        <index alias="member_id" name="member_id" primary="false" unique="false" type="BTREE">
            <column key="member_id" length="" collation="A" null="false" />
        </index>

        <aggregate alias="GoodNewsGroup" class="GoodNewsGroup" local="goodnewsgroup_id" foreign="id" cardinality="one" owner="foreign" />
        <aggregate alias="User" class="modUser" local="member_id" foreign="id" cardinality="one" owner="foreign" />
    </object>

    <object class="GoodNewsCategory" table="goodnews_categories" extends="xPDOSimpleObject">
        <field key="goodnewsgroup_id" dbtype="int" precision="10" attributes="unsigned" phptype="integer" null="false" default="0" />
        <field key="name" dbtype="varchar" precision="255" phptype="string" null="false" default="" />
        <field key="description" dbtype="text" phptype="string" null="false" default="" />
        <field key="public" dbtype="int" precision="1" attributes="unsigned" phptype="boolean" null="false" default="1" />
        <field key="createdon" dbtype="datetime" phptype="datetime" null="true" />
        <field key="createdby" dbtype="int" precision="10" attributes="unsigned" phptype="integer" null="false" default="0" />
        <field key="editedon" dbtype="datetime" phptype="datetime" null="true" />
        <field key="editedby" dbtype="int" precision="10" attributes="unsigned" phptype="integer" null="false" default="0" />
        <aggregate alias="CreatedBy" class="modUser" local="createdby" foreign="id" cardinality="one" owner="foreign" />
        <aggregate alias="EditedBy" class="modUser" local="editedby" foreign="id" cardinality="one" owner="foreign" />
        <aggregate alias="GoodNewsGroup" class="GoodNewsGroup" local="goodnewsgroup_id" foreign="id" cardinality="one" owner="foreign" />
        <composite alias="CategoryMember" class="GoodNewsCategoryMember" local="id" foreign="goodnewscategory_id" cardinality="many" owner="local" />
    </object>

    <object class="GoodNewsCategoryMember" table="goodnews_category_members" extends="xPDOSimpleObject">
        <field key="goodnewscategory_id" dbtype="int" precision="10" attributes="unsigned" phptype="integer" null="false" default="0" index="index" />
        <field key="member_id" dbtype="int" precision="10" attributes="unsigned" phptype="integer" null="false" default="0" index="index" />

        <index alias="goodnewscategory_id" name="goodnewscategory_id" primary="false" unique="false" type="BTREE">
            <column key="goodnewscategory_id" length="" collation="A" null="false" />
        </index>
        <index alias="member_id" name="member_id" primary="false" unique="false" type="BTREE">
            <column key="member_id" length="" collation="A" null="false" />
        </index>

        <aggregate alias="GoodNewsCategory" class="GoodNewsCategory" local="goodnewscategory_id" foreign="id" cardinality="one" owner="foreign" />
        <aggregate alias="User" class="modUser" local="member_id" foreign="id" cardinality="one" owner="foreign" />
    </object>

    <object class="GoodNewsProcess" table="goodnews_processes" extends="xPDOSimpleObject">
        <field key="pid" dbtype="varchar" precision="255" phptype="string" null="false" default="" />
        <field key="starttime" dbtype="varchar" precision="255" phptype="string" null="false" default="" />
    </object>

</model>